{
  "resourceType": "ValueSet",
  "id": "228764d6-b442-4724-8149-2aa6a46b6193",
  "meta": {
    "versionId": "1",
    "lastUpdated": "2021-04-21T23:39:16.816+10:00"
  },
  "text": {
    "status": "generated",
    "div": "<div xmlns=\"http://www.w3.org/1999/xhtml\"><h2>Colonoscopy Report Current Medication</h2><tt>http://ehelse.no/fhir/ValueSet/no-colonoscopy-current-medication</tt><p>A list of relevant drug categories, for use in reporting in connection with colonoscopy</p></div>"
  },
  "url": "http://ehelse.no/fhir/ValueSet/no-colonoscopy-current-medication",
  "name": "No-colonoscopy-current-medication",
  "title": "Colonoscopy Report Current Medication",
  "status": "draft",
  "publisher": "Norwegian Directorate of e-health",
  "description": "A list of relevant drug categories, for use in reporting in connection with colonoscopy",
  "compose": {
    "include": [
      {
        "system": "http://snomed.info/sct",
        "concept": [
          {
            "code": "387458008",
            "display": "Acetylsalisylsyre",
            "designation": [
              {
                "language": "en",
                "use": {
                  "system": "http://snomed.info/sct",
                  "code": "900000000000003001",
                  "display": "Fully specified name"
                },
                "value": "Aspirin (substance)"
              },
              {
                  "language": "no",
                  "use": {
                      "system": "http://snomed.info/sct",
                      "code": "900000000000003001",
                      "display": "Fully specified name"
                  },
                  "value": "acetylsalisylsyre"
              }
            ]
          },
          {
            "code": "372756006",
            "display": "Warfarin",
            "designation": [
              {
                "language": "en",
                "use": {
                  "system": "http://snomed.info/sct",
                  "code": "900000000000003001",
                  "display": "Fully specified name"
                },
                "value": "Warfarin (substance)"
              },
              {
                  "language": "no",
                  "use": {
                      "system": "http://snomed.info/sct",
                      "code": "900000000000003001",
                      "display": "Fully specified name"
                  },
                  "value": "warfarin"
              }
            ]
          },
          {
            "code": "373294004",
            "display": "LMWH",
            "designation": [
              {
                "language": "en",
                "use": {
                  "system": "http://snomed.info/sct",
                  "code": "900000000000003001",
                  "display": "Fully specified name"
                },
                "value": "Low molecular weight heparin (substance)"
              },
              {
                  "language": "no",
                  "use": {
                      "system": "http://snomed.info/sct",
                      "code": "900000000000003001",
                      "display": "Fully specified name"
                  },
                  "value": "lavmolekylært heparin"
              }
            ]
          }
        ]
      },
      {
        "system": "http://terminology.hl7.org/CodeSystem/special-values",
        "version": "4.0.1",
        "concept": [
          {
            "code": "nil-known",
            "display": "Ingen relevante medisiner",
            "designation": [
              {
                "language": "en",
                "use": {
                  "system": "http://snomed.info/sct",
                  "code": "900000000000003001",
                  "display": "Fully specified name"
                },
                "value": "Nil Known"
              }
            ]
          }
        ]
      },
      {
        "system": "http://terminology.hl7.org/CodeSystem/v3-NullFlavor",
        "version": "2018-08-12",
        "concept": [
          {
            "code": "OTH",
            "display": "Annet",
            "designation": [
              {
                "language": "en",
                "use": {
                  "system": "http://snomed.info/sct",
                  "code": "900000000000003001",
                  "display": "Fully specified name"
                },
                "value": "Other"
              }
            ]
          },
          {
            "code": "UNK",
            "display": "Ukjent/mangler opplysninger",
            "designation": [
              {
                "language": "en",
                "use": {
                  "system": "http://snomed.info/sct",
                  "code": "900000000000003001",
                  "display": "Fully specified name"
                },
                "value": "unknown"
              }
            ]
          }
        ]
      },
      {
        "system": "http://ehelse.no/fhir/CodeSystem/colonoscopy-model-specific-codes",
        "concept": [
          {
            "code": "andre-blodplatehemmere",
            "display": "Andre blodplatehemmere",
            "designation": [
              {
                "language": "no",
                "use": {
                  "system": "http://snomed.info/sct",
                  "code": "900000000000003001",
                  "display": "Fully specified name"
                },
                "value": "Andre blodplatehemmere"
              }
            ]
          },
          {
            "code": "doak",
            "display": "DOAK",
            "designation": [
              {
                "language": "no",
                "use": {
                  "system": "http://snomed.info/sct",
                  "code": "900000000000003001",
                  "display": "Fully specified name"
                },
                "value": "DOAK"
              }
            ]
          },
          {
            "code": "andre-antikoagulantia",
            "display": "Andre antikoagulantia",
            "designation": [
              {
                "language": "no",
                "use": {
                  "system": "http://snomed.info/sct",
                  "code": "900000000000003001",
                  "display": "Fully specified name"
                },
                "value": "Andre antikoagulantia"
              }
            ]
          }
        ]
      }
    ]
  }
}