{
    "resourceType": "ValueSet",
    "text": {
        "status": "generated",
        "div": "<div xmlns=\"http://www.w3.org/1999/xhtml\"><h2>Colonoscopy Report Colonoscopy Paris Polyp Classification</h2><tt>http://ehelse.no/fhir/ValueSet/no-colonoscopy-paris-polyp-class</tt><p>Paris polyp classification, including NA</p></div>"
    },
    "url": "http://ehelse.no/fhir/ValueSet/no-colonoscopy-paris-polyp-classification",
    "name": "No-colonoscopy-paris-polyp-classification",
    "title": "Colonoscopy Report Colonoscopy Paris Polyp Classification",
    "status": "draft",
    "publisher": "Norwegian Directorate of e-health",
    "description": "Paris polyp classification, including NA",
    "compose": {
        "include": [
            {
                "system": "http://snomed.info/sct",
                "concept": [
                    {
                        "code": "9041000202109",
                        "display": "Ip Stilket",
                        "designation": [
                            {
                                "language": "en",
                                "use": {
                                    "system": "http://snomed.info/sct",
                                    "code": "900000000000003001",
                                    "display": "Fully specified name"
                                },
                                "value": "Paris polyp classification Ip - protruded pedunculated polyp (finding)"
                            },
                            {
                                "language": "no",
                                "use": {
                                    "system": "http://snomed.info/sct",
                                    "code": "900000000000003001",
                                    "display": "Fully specified name"
                                },
                                "value": "Paris polypp klassifikasjon Ip - stilket"
                            }
                        ]
                    },
                    {
                        "code": "9051000202107",
                        "display": "Is Høy bredbaset",
                        "designation": [
                            {
                                "language": "en",
                                "use": {
                                    "system": "http://snomed.info/sct",
                                    "code": "900000000000003001",
                                    "display": "Fully specified name"
                                },
                                "value": "Paris polyp classification Is - sessile pedunculated polyp (finding)"
                            },
                            {
                                "language": "no",
                                "use": {
                                    "system": "http://snomed.info/sct",
                                    "code": "900000000000003001",
                                    "display": "Fully specified name"
                                },
                                "value": "Paris polypp klassifikasjon Is - høy bredbaset"
                            }
                        ]
                    },
                    {
                        "code": "9061000202105",
                        "display": "IIa Lav bredbaset",
                        "designation": [
                            {
                                "language": "en",
                                "use": {
                                    "system": "http://snomed.info/sct",
                                    "code": "900000000000003001",
                                    "display": "Fully specified name"
                                },
                                "value": "Paris polyp classification IIa - slightly elevated polyp (finding)"
                            },
                            {
                                "language": "no",
                                "use": {
                                    "system": "http://snomed.info/sct",
                                    "code": "900000000000003001",
                                    "display": "Fully specified name"
                                },
                                "value": "Paris polypp klassifikasjon IIa - lav bredbaset"
                            }
                        ]
                    },
                    {
                        "code": "9161000202106",
                        "display": "IIb Flat",
                        "designation": [
                            {
                                "language": "en",
                                "use": {
                                    "system": "http://snomed.info/sct",
                                    "code": "900000000000003001",
                                    "display": "Fully specified name"
                                },
                                "value": "Paris polyp classification IIb - completely flat polyp (finding)"
                            },
                            {
                                "language": "no",
                                "use": {
                                    "system": "http://snomed.info/sct",
                                    "code": "900000000000003001",
                                    "display": "Fully specified name"
                                },
                                "value": "Paris polypp klassifikasjon IIb - flat"
                            }
                        ]
                    },
                    {
                        "code": "9171000202102",
                        "display": "IIc Nedsunket",
                        "designation": [
                            {
                                "language": "en",
                                "use": {
                                    "system": "http://snomed.info/sct",
                                    "code": "900000000000003001",
                                    "display": "Fully specified name"
                                },
                                "value": "Paris polyp classification IIc - slightly depressed polyp (finding)"
                            },
                            {
                                "language": "no",
                                "use": {
                                    "system": "http://snomed.info/sct",
                                    "code": "900000000000003001",
                                    "display": "Fully specified name"
                                },
                                "value": "Paris polypp klassifikasjon IIc - nedsunket"
                            }
                        ]
                    },
                    {
                        "code": "9181000202100",
                        "display": "III Nedsunket ulcerert",
                        "designation": [
                            {
                                "language": "en",
                                "use": {
                                    "system": "http://snomed.info/sct",
                                    "code": "900000000000003001",
                                    "display": "Fully specified name"
                                },
                                "value": "Paris polyp classification III - ulcerous polyp (finding)"
                            },
                            {
                                "language": "no",
                                "use": {
                                    "system": "http://snomed.info/sct",
                                    "code": "900000000000003001",
                                    "display": "Fully specified name"
                                },
                                "value": "Paris polypp klassifikasjon III - nedsunket ulcerert"
                            }
                        ]
                    }
                ]
            },
            {
                "system": "http://terminology.hl7.org/CodeSystem/v3-NullFlavor",
                "version": "2018-08-12",
                "concept": [
                    {
                        "code": "NA",
                        "display": "Ikke relevant",
                        "designation": [
                            {
                                "language": "en",
                                "use": {
                                    "system": "http://snomed.info/sct",
                                    "code": "900000000000003001",
                                    "display": "Fully specified name"
                                },
                                "value": "not applicable"
                            }                           
                        ]
                    }
                ]
            }
        ]
    }
}