{
  "resourceType": "ValueSet",
  "url": "http://ehelse.no/fhir/ValueSet/no-colonoscopy-paris-polyp-class",
  "title": "Colonoscopy Report Colonoscopy Paris Polyp Classification",
  "status": "draft",
  "compose": {
    "include": [
      {
        "system": "http://snomed.info/sct",
        "concept": [
          {
            "code": "9041000202109",
            "display": "Paris polypp klassifikasjon Ip - stilket"
          },
          {
            "code": "9051000202107",
            "display": "Paris polypp klassifikasjon Is - høy bredbaset"
          },
          {
            "code": "9061000202105",
            "display": "Paris polypp klassifikasjon IIa - lav bredbaset"
          },
          {
            "code": "9161000202106",
            "display": "Paris polypp klassifikasjon IIb - flat"
          },
          {
            "code": "9171000202102",
            "display": "Paris polypp klassifikasjon IIc - nedsunket"
          },
          {
            "code": "9181000202100",
            "display": "Paris polypp klassifikasjon III - nedsunket ulcerert"
          }
        ]
      },
      {
        "concept": [
          {
            "code": "NA",
            "display": "not applicable"
          }
        ],
        "system": "http://terminology.hl7.org/CodeSystem/v3-NullFlavor",
        "version": "2018-08-12"
      }
    ]
  },
  "text": {
    "status": "generated",
    "div": "<div xmlns=\"http://www.w3.org/1999/xhtml\"><h2>Colonoscopy Report Colonoscopy Paris Polyp Classification</h2><tt>http://ehelse.no/fhir/ValueSet/no-colonoscopy-paris-polyp-class</tt><p>Paris polyp classification, including NA</p></div>"
  },
  "name": "No-colonoscopy-paris-polyp-class",
  "description": "Paris polyp classification, including NA",
  "publisher": "Norwegian Directorate of e-health"
}