{
  "resourceType": "ValueSet",
  "url": "http://ehelse.no/fhir/ValueSet/no-colonoscopy-complication",
  "title": "Colonoscopy Report Complications",
  "status": "draft",
  "compose": {
    "include": [
      {
        "system": "http://snomed.info/sct",
        "concept": [
          {
            "code": "712510007",
            "display": "Blødning",
            "designation":{
              "language": "en",
              "use": {
                "system":"http://snomed.info/sct",
                "code":"900000000000003001",
                "display": "Fully specified name"
              },
              "value": "Intestinal hemorrhage (disorder)"
            }
          },
          {
            "code": "50008003",
            "display": "Perforasjon",
            "designation":{
              "language": "en",
              "use": {
                "system":"http://snomed.info/sct",
                "code":"900000000000003001",
                "display": "Fully specified name"
              },
              "value": "Traumatic perforation of large intestine (disorder)"
            }
          },
          {
            "code": "10341000202100",
            "display": "Alvorlig vasovagal reaksjon",
            "designation":{
              "language": "en",
              "use": {
                "system":"http://snomed.info/sct",
                "code":"900000000000003001",
                "display": "Fully specified name"
              },
              "value": "Severe vasovagal reaction (disorder)"
            }
          },
          {
            "code": "409622000",
            "display": "Respiratorisk",
            "designation":{
              "language": "en",
              "use": {
                "system":"http://snomed.info/sct",
                "code":"900000000000003001",
                "display": "Fully specified name"
              },
              "value": "Respiratory failure (disorder)"
            }
          },
          {
            "code": "267037003",
            "display": "Kardiovaskulær",
            "designation":{
              "language": "en",
              "use": {
                "system":"http://snomed.info/sct",
                "code":"900000000000003001",
                "display": "Fully specified name"
              },
              "value": "Cardiovascular symptoms (finding)"
            }
          },
          {
            "code": "416093006",
            "display": "Allergisk reaksjon på medikament",
            "designation":{
              "language": "en",
              "use": {
                "system":"http://snomed.info/sct",
                "code":"900000000000003001",
                "display": "Fully specified name"
              },
              "value": "Allergic reaction caused by drug (disorder)"
            }
          }
        ]
      },
      {
        "concept": [
          {
            "code": "nil-known",
            "display": "Ingen",
            "designation":{
              "language": "en",
              "use": {
                "system":"http://snomed.info/sct",
                "code":"900000000000003001",
                "display": "Fully specified name"
              },
              "value": "Nil Known"
            }
          }
        ],
        "system": "http://terminology.hl7.org/CodeSystem/special-values",
        "version": "4.0.1"
      },
      {
        "concept": [
          {
            "code": "OTH",
            "display": "Annet",
            "designation":{
              "language": "en",
              "use": {
                "system":"http://snomed.info/sct",
                "code":"900000000000003001",
                "display": "Fully specified name"
              },
              "value": "Other"
            }
          }
        ],
        "system": "http://terminology.hl7.org/CodeSystem/v3-NullFlavor",
        "version": "2018-08-12"
      }
    ]
  },
  "text": {
    "status": "generated",
    "div": "<div xmlns=\"http://www.w3.org/1999/xhtml\"><h2>Colonoscopy Report Complications</h2><tt>http://ehelse.no/fhir/ValueSet/no-colonoscopy-complication</tt></div>"
  },
  "name": "No-colonoscopy-complication",
  "publisher": "Norwegian Directorate of e-health"
}