{
    "resourceType": "ValueSet",
    "text": {
        "status": "generated",
        "div": "<div xmlns=\"http://www.w3.org/1999/xhtml\"><h2>Colonoscopy Report Tissue Removal Method</h2><tt>http://ehelse.no/fhir/ValueSet/no-colonoscopy-method-tissue-removal-biopsy</tt></div>"
    },
    "url": "http://ehelse.no/fhir/ValueSet/no-colonoscopy-method-tissue-removal-biopsy",
    "name": "No-colonoscopy-method-tissue-removal-biopsy",
    "title": "Colonoscopy Report Tissue Removal Method",
    "status": "draft",
    "publisher": "Norwegian Directorate of e-health",
    "compose": {
        "include": [
            {
                "system": "http://snomed.info/sct",
                "concept": [
                    {
                        "code": "787127007",
                        "display": "Biopsitang",
                        "designation": [
                            {
                                "language": "en",
                                "use": {
                                    "system": "http://snomed.info/sct",
                                    "code": "900000000000003001",
                                    "display": "Fully specified name"
                                },
                                "value": "Pinch biopsy of intestine (procedure)"
                            }
                        ]
                    },
                    {
                        "code": "10691000202104",
                        "display": "Endoskopisk muscoal reseksjon (EMR) teknikk (injeksjon av submukosal væske)",
                        "designation": [
                            {
                                "language": "en",
                                "use": {
                                    "system": "http://snomed.info/sct",
                                    "code": "900000000000003001",
                                    "display": "Fully specified name"
                                },
                                "value": "Endoscopic mucosal resection of intestine with injection of submucosal fluid (procedure)"
                            }
                        ]
                    },
                    {
                        "code": "10701000202104",
                        "display": "Kald slynge in toto",
                        "designation": [
                            {
                                "language": "en",
                                "use": {
                                    "system": "http://snomed.info/sct",
                                    "code": "900000000000003001",
                                    "display": "Fully specified name"
                                },
                                "value": "Total excision of polyp of intestine using cold snare (procedure)"
                            }
                        ]
                    },
                    {
                        "code": "10731000202107",
                        "display": "Kald slynge piecemeal",
                        "designation": [
                            {
                                "language": "en",
                                "use": {
                                    "system": "http://snomed.info/sct",
                                    "code": "900000000000003001",
                                    "display": "Fully specified name"
                                },
                                "value": "Piecemeal resection of polyp of intestine using cold snare (procedure)"
                            }
                        ]
                    },
                    {
                        "code": "10721000202105",
                        "display": "Diatermislynge in toto",
                        "designation": [
                            {
                                "language": "en",
                                "use": {
                                    "system": "http://snomed.info/sct",
                                    "code": "900000000000003001",
                                    "display": "Fully specified name"
                                },
                                "value": "Total excision of polyp of intestine using diathermy snare (procedure)"
                            }
                        ]
                    },
                    {
                        "code": "10711000202102",
                        "display": "Diatermislynge piecemeal",
                        "designation": [
                            {
                                "language": "en",
                                "use": {
                                    "system": "http://snomed.info/sct",
                                    "code": "900000000000003001",
                                    "display": "Fully specified name"
                                },
                                "value": "Piecemeal resection of polyp of intestine using diathermy snare (procedure)"
                            }
                        ]
                    },
                    {
                        "code": "10351000202102",
                        "display": "Undervanns EMR (U-EMR)",
                        "designation": [
                            {
                                "language": "en",
                                "use": {
                                    "system": "http://snomed.info/sct",
                                    "code": "900000000000003001",
                                    "display": "Fully specified name"
                                },
                                "value": "Underwater endoscopic mucosal resection of intestine (procedure)"
                            }
                        ]
                    },
                    {
                        "code": "10391000132108",
                        "display": "Endoskopisk submuscoal disseksjon (ESD)",
                        "designation": [
                            {
                                "language": "en",
                                "use": {
                                    "system": "http://snomed.info/sct",
                                    "code": "900000000000003001",
                                    "display": "Fully specified name"
                                },
                                "value": "Endoscopic submucosal dissection of gastrointestinal tract (procedure)"
                            }
                        ]
                    }
                ]
            },
            {
                "system": "http://terminology.hl7.org/CodeSystem/special-values",
                "version": "4.0.1",
                "concept": [
                    {
                        "code": "nil-known",
                        "display": "Ingen vevsprøve",
                        "designation": [
                            {
                                "language": "en",
                                "use": {
                                    "system": "http://snomed.info/sct",
                                    "code": "900000000000003001",
                                    "display": "Fully specified name"
                                },
                                "value": "Nil Known"
                            }
                        ]
                    }
                ]
            },
            {
                "system": "http://terminology.hl7.org/CodeSystem/v3-NullFlavor",
                "version": "2018-08-12",
                "concept": [
                    {
                        "code": "OTH",
                        "display": "Annen metode",
                        "designation": [
                            {
                                "language": "en",
                                "use": {
                                    "system": "http://snomed.info/sct",
                                    "code": "900000000000003001",
                                    "display": "Fully specified name"
                                },
                                "value": "Other"
                            }
                        ]
                    }
                ]
            }
        ]
    }
}