{
    "resourceType": "ValueSet",
    "id": "6caa34cf-ff95-4fcc-80a5-b3f53f9c791c",
    "meta": {
        "versionId": "1",
        "lastUpdated": "2021-04-20T23:57:44.564+10:00"
    },
    "text": {
        "status": "additional",
        "div": "<div xmlns=\"http://www.w3.org/1999/xhtml\"><h2>Colonoscopy Report Indictation</h2><tt>http://ehelse.no/fhir/ValueSet/no-procedure-reason-coloscopy</tt></div>"
    },
    "url": "http://ehelse.no/fhir/valueset/no-colonoscopy-procedure-reason",
    "name": "No-procedure-reason-coloscopy",
    "title": "Colonoscopy Report Indication",
    "status": "draft",
    "publisher": "Norwegian Directorate of e-health",
    "compose": {
        "include": [
            {
                "system": "http://snomed.info/sct",
                "concept": [
                    {
                        "code": "1421000119104",
                        "display": "Familiær CRC",
                        "designation": [
                            {
                                "language": "en",
                                "use": {
                                    "system": "http://snomed.info/sct",
                                    "code": "900000000000003001",
                                    "display": "Fully specified name"
                                },
                                "value": "Family history of colorectal cancer (situation)"
                            },
                            {
                                "language": "no",
                                "use": {
                                    "system": "http://snomed.info/sct",
                                    "code": "900000000000003001",
                                    "display": "Fully specified name"
                                },
                                "value": "kolorektal kreft i familien"
                            }
                        ]
                    },
                    
                    {
                        "code": "735593008",
                        "display": "Divertikulitt",
                        "designation": [
                            {
                                "language": "en",
                                "use": {
                                    "system": "http://snomed.info/sct",
                                    "code": "900000000000003001",
                                    "display": "Fully specified name"
                                },
                                "value": "Diverticulitis of intestine (disorder)"
                            },
                            {
                                "language": "no",
                                "use": {
                                    "system": "http://snomed.info/sct",
                                    "code": "900000000000003001",
                                    "display": "Fully specified name"
                                },
                                "value": "divertikulitt i tarm"
                            }
                        ]
                    },
                    {
                        "code": "74400008",
                        "display": "Appendicitt",
                        "designation": [
                            {
                                "language": "en",
                                "use": {
                                    "system": "http://snomed.info/sct",
                                    "code": "900000000000003001",
                                    "display": "Fully specified name"
                                },
                                "value": "Appendicitis (disorder)"
                            },
                            {
                                "language": "no",
                                "use": {
                                    "system": "http://snomed.info/sct",
                                    "code": "900000000000003001",
                                    "display": "Fully specified name"
                                },
                                "value": "betennelse i blindtarm"
                            }
                        ]
                    }
                ]
            },
            {
                "system": "http://terminology.hl7.org/CodeSystem/v3-NullFlavor",
                "concept": [
                    {
                        "code": "OTH",
                        "display": "Annet",
                        "designation": [
                            {
                                "language": "en",
                                "use": {
                                    "system": "http://snomed.info/sct",
                                    "code": "900000000000003001",
                                    "display": "Fully specified name"
                                },
                                "value": "Other"
                            }
                        ]
                    }
                ]
            },
            {
                "system": "http://ehelse.no/fhir/CodeSystem/colonoscopy-model-specific-codes",
                "concept": [
                    {
                        "code": "symptomer",
                        "display": "Symptomer",
                        "designation": [
                            {
                                "language": "no",
                                "use": {
                                    "system": "http://snomed.info/sct",
                                    "code": "900000000000003001",
                                    "display": "Fully specified name"
                                },
                                "value": "Symptomer"
                            }
                        ]
                    },
                    {
                        "code": "polyppkontroll",
                        "display": "Polyppkontroll",
                        "designation": [
                            {
                                "language": "no",
                                "use": {
                                    "system": "http://snomed.info/sct",
                                    "code": "900000000000003001",
                                    "display": "Fully specified name"
                                },
                                "value": "Polyppkontroll"
                            }
                        ]
                    },
                    {
                        "code": "ibd-kontroll",
                        "display": "IBD-kontroll",
                        "designation": [
                            {
                                "language": "no",
                                "use": {
                                    "system": "http://snomed.info/sct",
                                    "code": "900000000000003001",
                                    "display": "Fully specified name"
                                },
                                "value": "IBD-kontroll"
                            }
                        ]
                    },
                    {
                        "code": "tidligere-funn-kolo",
                        "display": "Funn ved tidligere koloskopi",
                        "designation": [
                            {
                                "language": "no",
                                "use": {
                                    "system": "http://snomed.info/sct",
                                    "code": "900000000000003001",
                                    "display": "Fully specified name"
                                },
                                "value": "Funn ved tidligere koloskopi"
                            }
                        ]
                    },
                    {
                        "code": "tidligere-funn",
                        "display": "Funn ved annen undersøkelse",
                        "designation": [
                            {
                                "language": "no",
                                "use": {
                                    "system": "http://snomed.info/sct",
                                    "code": "900000000000003001",
                                    "display": "Fully specified name"
                                },
                                "value": "Funn ved annen undersøkelse"
                            }
                        ]
                    },
                    {
                        "code": "prim-screening",
                        "display": "Primær koloskopiscreening i screeningprogram",
                        "designation": [
                            {
                                "language": "no",
                                "use": {
                                    "system": "http://snomed.info/sct",
                                    "code": "900000000000003001",
                                    "display": "Fully specified name"
                                },
                                "value": "Primær koloskopiscreening i screeningprogram"
                            }
                        ]
                    },
                    {
                        "code": "pos-ifobt-screening",
                        "display": "Positiv iFOBT i screeningprogram",
                        "designation": [
                            {
                                "language": "no",
                                "use": {
                                    "system": "http://snomed.info/sct",
                                    "code": "900000000000003001",
                                    "display": "Fully specified name"
                                },
                                "value": "Positiv iFOBT i screeningprogram"
                            }
                        ]
                    },
                    {
                        "code": "CRC-kontroll",
                        "display": "CRC kontroll",
                        "designation": [
                            {
                                "language": "no",
                                "use": {
                                    "system": "http://snomed.info/sct",
                                    "code": "900000000000003001",
                                    "display": "Fully specified name"
                                },
                                "value": "CRC kontroll"
                            }
                        ]
                    },
                    {
                        "code": "ufullstendig-tidl-kolo",
                        "display": "Ufullstendig tidligere koloskopi",
                        "designation": [
                            {
                                "language": "no",
                                "use": {
                                    "system": "http://snomed.info/sct",
                                    "code": "900000000000003001",
                                    "display": "Fully specified name"
                                },
                                "value": "Ufullstendig tidligere koloskopi"
                            }
                        ]
                    },
                    {
                        "code": "screening-utenom-program",
                        "display": "Screening utenom program",
                        "designation": [
                            {
                                "language": "no",
                                "use": {
                                    "system": "http://snomed.info/sct",
                                    "code": "900000000000003001",
                                    "display": "Fully specified name"
                                },
                                "value": "Screening utenom program"
                            }
                        ]
                    }
                ]
            }
        ]
    }
}